Metric Name,Annualized Return (%),Annualized Volatility (%),Sharpe Ratio,Maximum Drawdown (%),Total Return (%)
Dynamic Risk Averse,9.84906565755599,20.040784103172758,0.4914511132324775,-45.97802474173144,203.12641314284733
Dynamic Risk Neutral,12.400630623536134,18.717206302182014,0.6625257222329431,-41.50194373374687,297.514773052691
Dynamic Risk Loving,9.156906880038651,20.303370761554685,0.4510042685807448,-46.62157318458544,181.32984127242668
60/40 SPY-TLT,8.317828773611446,10.902363530100265,0.762938123522189,-27.235273192874253,156.83377811196914
SPY,12.566867702496465,17.32538652539176,0.72534414652618,-33.7172509920038,304.5111307836721
