Asset Class,Risk Averse,Risk Loving,Risk Neutral
MAG7,0.11539913888622799,0.09949955715358683,0.022335539229538594
Bonds,0.0013681491331741685,0.0015301354372213311,0.0022089099895774623
Commodities,0.012257393307117274,0.007677068721742824,0.017297251766011133
Crypto,0.0,0.0,0.0
Market_Indices,0.033270054319404795,0.04026354407596197,0.04464168346793932
Low_Beta_Stocks,0.15037530319455406,0.15539291183024548,0.14827031208967958
High_Beta_Growth_Stocks,0.25071683863918465,0.23028430623196897,0.2443894940833622
Other_Stocks,0.43661312252033707,0.46535247654927264,0.5208568093738917
